{
    "lumi16":35917.213466,
    "lumi17":41521.427777,
    "lumi18":59692.687741,
    "XSECS":{
        "ttbar-allhad":377.96,
        "ttbar-semilep":365.34,
        "QCDHT700":6802,
        "QCDHT1000":1206,
        "QCDHT1500":120.4,
        "QCDHT2000":25.25,
	"WJetsHT400":315.2,
	"WJetsHT600":68.58,
	"WJetsHT800":34.69,
	"ZJetsHT400":145.3,
	"ZJetsHT600":34.29,
	"ZJetsHT800":18.57,
	"StoAA":0.001
    }
}
